{"cameraMode":{"drawMode":0,"name":"Shaded","section":"Shading Mode"},"sceneLighting":true,"audioPlay":false,"sceneViewState":{"m_AlwaysRefresh":false,"showFog":true,"showSkybox":true,"showFlares":true,"showImageEffects":true,"showParticleSystems":true,"showVisualEffectGraphs":true,"m_FxEnabled":true},"in2DMode":false,"pivot":{"x":1.6412773132324219,"y":3.2501211166381838,"z":459.62066650390627},"rotation":{"x":0.33871981501579287,"y":0.5118465423583984,"z":-0.22948938608169557,"w":0.7554287314414978},"size":64.95529174804688,"orthographic":false}