{"cameraMode":{"drawMode":0,"name":"Shaded","section":"Shading Mode"},"sceneLighting":true,"audioPlay":false,"sceneViewState":{"m_AlwaysRefresh":false,"showFog":true,"showSkybox":true,"showFlares":true,"showImageEffects":true,"showParticleSystems":true,"showVisualEffectGraphs":true,"m_FxEnabled":true},"in2DMode":false,"pivot":{"x":2.686371088027954,"y":-0.39194855093955996,"z":6.696034908294678},"rotation":{"x":0.15853607654571534,"y":0.5189300775527954,"z":-0.09862317144870758,"w":0.8341861367225647},"size":14.486821174621582,"orthographic":false}