{"cameraMode":{"drawMode":0,"name":"Shaded","section":"Shading Mode"},"sceneLighting":true,"audioPlay":false,"sceneViewState":{"m_AlwaysRefresh":false,"showFog":true,"showSkybox":true,"showFlares":true,"showImageEffects":true,"showParticleSystems":true,"showVisualEffectGraphs":true,"m_FxEnabled":true},"in2DMode":false,"pivot":{"x":-6.220177173614502,"y":-12.014739990234375,"z":16.851713180541993},"rotation":{"x":0.2512373626232147,"y":-0.08667387068271637,"z":0.02258175238966942,"w":0.9637929201126099},"size":19.868738174438478,"orthographic":false}